eh1,Temp
eh1,Research
eh1,ToDo
eh1,hiller.pro
eh1,Machine Learning
eh1,Making
eh1,Programming
eh1,ISP
eh1,Archival
Marshal,New Section 1
Marshal,Desktop App
Marshal,Social
Marshal,Browser
mkmrk,Immediate
mkmrk,Research
eh1,Temp
eh1,Research
eh1,ToDo
eh1,hiller.pro
eh1,Machine Learning
eh1,Making
eh1,Programming
eh1,ISP
eh1,Archival
Marshal,New Section 1
Marshal,Desktop App
Marshal,Social
Marshal,Browser
mkmrk,Immediate
mkmrk,Research
eh1,Temp
eh1,Research
eh1,ToDo
eh1,hiller.pro
eh1,Machine Learning
eh1,Making
eh1,Programming
eh1,ISP
eh1,Archival
Marshal,New Section 1
Marshal,Desktop App
Marshal,Social
Marshal,Browser
mkmrk,Immediate
mkmrk,Research
eh1,Temp
eh1,Research
eh1,ToDo
eh1,hiller.pro
eh1,Machine Learning
eh1,Making
eh1,Programming
eh1,ISP
eh1,Archival
Marshal,New Section 1
Marshal,Desktop App
Marshal,Social
Marshal,Browser
mkmrk,Immediate
mkmrk,Research
eh1,Temp
eh1,Research
eh1,ToDo
eh1,hiller.pro
eh1,Machine Learning
eh1,Making
